ImageName,AvgH,AvgS,AvgV
Photo_20250608_112822.jpg,0.637953669188899,0.895157744102822,0.727052969413968
